User_ID,Gender,Age_Group,User_Tier
U-5000,Male,18-21,Free
U-5001,Female,18-21,Free
U-5002,Female,22-25,Free
U-5003,Female,18-21,Premium
U-5004,Female,22-25,Free
U-5005,Female,22-25,Influencer
U-5006,Female,18-21,Premium
U-5007,Female,18-21,Free
U-5008,Female,22-25,Free
U-5009,Female,18-21,Free
U-5010,Female,18-21,Premium
U-5011,Female,22-25,Premium
U-5012,Female,18-21,Free
U-5013,Male,18-21,Free
U-5014,Male,22-25,Premium
U-5015,Female,26-30,Free
U-5016,Female,18-21,Free
U-5017,Female,30+,Free
U-5018,Female,22-25,Free
U-5019,Female,18-21,Free
U-5020,Female,30+,Free
U-5021,Male,18-21,Premium
U-5022,Female,18-21,Free
U-5023,Male,18-21,Premium
U-5024,Male,26-30,Free
U-5025,Female,22-25,Premium
U-5026,Male,26-30,Free
U-5027,Male,18-21,Free
U-5028,Male,22-25,Free
U-5029,Female,18-21,Free
U-5030,Male,22-25,Free
U-5031,Female,30+,Premium
U-5032,Female,18-21,Free
U-5033,Male,18-21,Premium
U-5034,Female,22-25,Free
U-5035,Female,18-21,Free
U-5036,Male,18-21,Premium
U-5037,Male,18-21,Free
U-5038,Female,22-25,Free
U-5039,Male,18-21,Free
U-5040,Female,22-25,Free
U-5041,Male,22-25,Free
U-5042,Male,18-21,Premium
U-5043,Male,26-30,Free
U-5044,Male,30+,Free
U-5045,Female,22-25,Premium
U-5046,Male,30+,Premium
U-5047,Female,22-25,Premium
U-5048,Female,18-21,Premium
U-5049,Male,22-25,Free
U-5050,Non-Binary,18-21,Influencer
U-5051,Male,22-25,Free
U-5052,Female,22-25,Free
U-5053,Female,18-21,Premium
U-5054,Male,26-30,Free
U-5055,Female,22-25,Free
U-5056,Female,18-21,Free
U-5057,Female,26-30,Free
U-5058,Female,22-25,Free
U-5059,Male,18-21,Free
U-5060,Male,18-21,Premium
U-5061,Female,22-25,Premium
U-5062,Male,18-21,Free
U-5063,Male,22-25,Premium
U-5064,Female,18-21,Free
U-5065,Female,26-30,Premium
U-5066,Male,18-21,Free
U-5067,Female,18-21,Free
U-5068,Male,18-21,Free
U-5069,Female,26-30,Free
U-5070,Female,22-25,Free
U-5071,Male,18-21,Free
U-5072,Female,18-21,Free
U-5073,Female,18-21,Free
U-5074,Female,18-21,Free
U-5075,Male,18-21,Free
U-5076,Female,18-21,Free
U-5077,Female,18-21,Free
U-5078,Female,22-25,Free
U-5079,Female,22-25,Premium
U-5080,Female,22-25,Free
U-5081,Female,18-21,Premium
U-5082,Male,18-21,Free
U-5083,Female,30+,Free
U-5084,Male,18-21,Free
U-5085,Female,22-25,Free
U-5086,Female,22-25,Premium
U-5087,Male,18-21,Free
U-5088,Female,22-25,Free
U-5089,Female,22-25,Free
U-5090,Male,18-21,Premium
U-5091,Male,26-30,Premium
U-5092,Male,18-21,Premium
U-5093,Female,22-25,Premium
U-5094,Female,18-21,Free
U-5095,Male,18-21,Free
U-5096,Female,22-25,Premium
U-5097,Male,26-30,Free
U-5098,Male,18-21,Premium
U-5099,Female,22-25,Free
U-5100,Male,22-25,Free
U-5101,Male,18-21,Free
U-5102,Male,22-25,Free
U-5103,Male,18-21,Influencer
U-5104,Female,22-25,Free
U-5105,Female,30+,Free
U-5106,Female,18-21,Premium
U-5107,Male,30+,Free
U-5108,Female,18-21,Free
U-5109,Female,18-21,Free
U-5110,Male,18-21,Free
U-5111,Female,18-21,Free
U-5112,Male,18-21,Free
U-5113,Male,18-21,Free
U-5114,Female,26-30,Free
U-5115,Female,26-30,Free
U-5116,Male,18-21,Free
U-5117,Male,18-21,Premium
U-5118,Female,22-25,Premium
U-5119,Female,22-25,Free
U-5120,Male,18-21,Free
U-5121,Male,26-30,Free
U-5122,Female,22-25,Premium
U-5123,Female,22-25,Premium
U-5124,Female,22-25,Free
U-5125,Male,30+,Free
U-5126,Male,26-30,Free
U-5127,Female,22-25,Premium
U-5128,Male,22-25,Premium
U-5129,Female,22-25,Free
U-5130,Female,18-21,Free
U-5131,Female,22-25,Premium
U-5132,Female,18-21,Free
U-5133,Male,18-21,Influencer
U-5134,Female,22-25,Premium
U-5135,Female,18-21,Free
U-5136,Female,18-21,Premium
U-5137,Female,22-25,Free
U-5138,Male,18-21,Free
U-5139,Female,18-21,Free
U-5140,Female,26-30,Free
U-5141,Male,18-21,Free
U-5142,Male,22-25,Free
U-5143,Female,18-21,Free
U-5144,Male,22-25,Premium
U-5145,Male,18-21,Free
U-5146,Non-Binary,18-21,Free
U-5147,Female,18-21,Free
U-5148,Male,22-25,Free
U-5149,Male,18-21,Premium
U-5150,Male,22-25,Free
U-5151,Female,22-25,Free
U-5152,Male,18-21,Free
U-5153,Female,22-25,Free
U-5154,Female,18-21,Free
U-5155,Female,26-30,Premium
U-5156,Female,26-30,Free
U-5157,Female,18-21,Free
U-5158,Female,18-21,Free
U-5159,Female,18-21,Free
U-5160,Male,18-21,Free
U-5161,Female,22-25,Free
U-5162,Female,30+,Premium
U-5163,Female,18-21,Premium
U-5164,Male,18-21,Free
U-5165,Male,30+,Premium
U-5166,Male,22-25,Free
U-5167,Female,22-25,Free
U-5168,Male,18-21,Free
U-5169,Male,18-21,Premium
U-5170,Male,22-25,Free
U-5171,Male,18-21,Free
U-5172,Female,18-21,Free
U-5173,Female,22-25,Premium
U-5174,Male,18-21,Premium
U-5175,Non-Binary,18-21,Free
U-5176,Female,30+,Free
U-5177,Male,26-30,Premium
U-5178,Male,30+,Free
U-5179,Male,18-21,Free
U-5180,Female,18-21,Free
U-5181,Female,22-25,Free
U-5182,Male,18-21,Free
U-5183,Female,26-30,Premium
U-5184,Female,18-21,Free
U-5185,Male,18-21,Premium
U-5186,Male,26-30,Free
U-5187,Male,18-21,Free
U-5188,Female,18-21,Premium
U-5189,Female,18-21,Premium
U-5190,Female,22-25,Premium
U-5191,Male,22-25,Free
U-5192,Female,18-21,Influencer
U-5193,Female,22-25,Premium
U-5194,Female,22-25,Free
U-5195,Female,18-21,Free
U-5196,Female,18-21,Free
U-5197,Female,18-21,Free
U-5198,Female,18-21,Free
U-5199,Female,22-25,Free
U-5200,Female,22-25,Free
U-5201,Male,30+,Premium
U-5202,Female,30+,Premium
U-5203,Male,22-25,Free
U-5204,Female,22-25,Premium
U-5205,Male,18-21,Free
U-5206,Male,22-25,Free
U-5207,Female,18-21,Premium
U-5208,Female,22-25,Free
U-5209,Female,18-21,Premium
U-5210,Male,22-25,Premium
U-5211,Female,22-25,Free
U-5212,Female,30+,Free
U-5213,Male,26-30,Free
U-5214,Female,18-21,Free
U-5215,Female,22-25,Free
U-5216,Female,18-21,Premium
U-5217,Female,18-21,Free
U-5218,Male,18-21,Premium
U-5219,Male,18-21,Premium
U-5220,Female,18-21,Free
U-5221,Male,22-25,Free
U-5222,Male,22-25,Premium
U-5223,Female,18-21,Free
U-5224,Male,22-25,Free
U-5225,Male,18-21,Free
U-5226,Female,26-30,Premium
U-5227,Male,18-21,Influencer
U-5228,Female,18-21,Premium
U-5229,Female,22-25,Premium
U-5230,Male,22-25,Free
U-5231,Female,22-25,Free
U-5232,Female,18-21,Free
U-5233,Female,30+,Premium
U-5234,Non-Binary,18-21,Free
U-5235,Male,18-21,Free
U-5236,Non-Binary,22-25,Free
U-5237,Female,18-21,Premium
U-5238,Male,26-30,Free
U-5239,Female,22-25,Premium
U-5240,Male,18-21,Influencer
U-5241,Male,22-25,Free
U-5242,Male,18-21,Free
U-5243,Female,18-21,Premium
U-5244,Female,30+,Free
U-5245,Female,18-21,Free
U-5246,Female,26-30,Free
U-5247,Male,18-21,Premium
U-5248,Female,22-25,Free
U-5249,Female,18-21,Free
U-5250,Male,18-21,Premium
U-5251,Male,18-21,Free
U-5252,Male,22-25,Free
U-5253,Female,22-25,Free
U-5254,Female,22-25,Free
U-5255,Male,26-30,Free
U-5256,Female,18-21,Premium
U-5257,Female,22-25,Premium
U-5258,Male,22-25,Free
U-5259,Female,26-30,Free
U-5260,Male,22-25,Influencer
U-5261,Male,18-21,Premium
U-5262,Female,26-30,Premium
U-5263,Female,22-25,Free
U-5264,Male,22-25,Free
U-5265,Male,26-30,Free
U-5266,Female,22-25,Free
U-5267,Male,22-25,Premium
U-5268,Male,22-25,Free
U-5269,Female,22-25,Free
U-5270,Male,22-25,Premium
U-5271,Female,22-25,Free
U-5272,Female,18-21,Free
U-5273,Female,18-21,Free
U-5274,Female,22-25,Premium
U-5275,Male,22-25,Free
U-5276,Female,18-21,Influencer
U-5277,Female,22-25,Premium
U-5278,Female,18-21,Influencer
U-5279,Female,18-21,Free
U-5280,Female,22-25,Premium
U-5281,Male,22-25,Free
U-5282,Male,18-21,Free
U-5283,Female,18-21,Free
U-5284,Female,22-25,Free
U-5285,Female,22-25,Free
U-5286,Male,26-30,Premium
U-5287,Male,18-21,Free
U-5288,Female,18-21,Free
U-5289,Male,22-25,Premium
U-5290,Female,18-21,Free
U-5291,Female,18-21,Free
U-5292,Female,22-25,Free
U-5293,Female,18-21,Free
U-5294,Female,26-30,Free
U-5295,Female,18-21,Free
U-5296,Female,18-21,Premium
U-5297,Female,18-21,Free
U-5298,Male,18-21,Free
U-5299,Female,18-21,Premium
U-5300,Female,18-21,Free
U-5301,Female,22-25,Influencer
U-5302,Male,18-21,Free
U-5303,Female,26-30,Premium
U-5304,Male,18-21,Free
U-5305,Female,26-30,Premium
U-5306,Male,18-21,Free
U-5307,Male,18-21,Premium
U-5308,Male,18-21,Free
U-5309,Female,22-25,Premium
U-5310,Female,18-21,Free
U-5311,Female,18-21,Free
U-5312,Female,18-21,Free
U-5313,Female,18-21,Free
U-5314,Male,18-21,Free
U-5315,Female,18-21,Premium
U-5316,Male,22-25,Premium
U-5317,Male,22-25,Free
U-5318,Male,30+,Premium
U-5319,Male,18-21,Free
U-5320,Male,26-30,Free
U-5321,Male,22-25,Free
U-5322,Male,22-25,Premium
U-5323,Male,22-25,Free
U-5324,Male,18-21,Free
U-5325,Female,18-21,Premium
U-5326,Female,26-30,Influencer
U-5327,Male,18-21,Free
U-5328,Male,18-21,Free
U-5329,Female,18-21,Free
U-5330,Non-Binary,22-25,Premium
U-5331,Female,18-21,Free
U-5332,Male,22-25,Free
U-5333,Male,26-30,Premium
U-5334,Male,26-30,Premium
U-5335,Female,22-25,Free
U-5336,Male,18-21,Free
U-5337,Female,18-21,Free
U-5338,Female,18-21,Free
U-5339,Female,26-30,Premium
U-5340,Male,22-25,Free
U-5341,Male,26-30,Free
U-5342,Non-Binary,18-21,Free
U-5343,Female,22-25,Free
U-5344,Male,22-25,Free
U-5345,Male,18-21,Premium
U-5346,Male,22-25,Free
U-5347,Male,18-21,Premium
U-5348,Female,18-21,Free
U-5349,Female,18-21,Free
U-5350,Male,18-21,Premium
U-5351,Non-Binary,26-30,Premium
U-5352,Male,18-21,Free
U-5353,Female,22-25,Free
U-5354,Female,26-30,Free
U-5355,Male,18-21,Free
U-5356,Male,18-21,Free
U-5357,Female,18-21,Free
U-5358,Male,22-25,Free
U-5359,Female,22-25,Free
U-5360,Female,18-21,Premium
U-5361,Male,26-30,Free
U-5362,Female,18-21,Free
U-5363,Male,22-25,Free
U-5364,Female,22-25,Premium
U-5365,Female,18-21,Free
U-5366,Male,18-21,Free
U-5367,Male,22-25,Premium
U-5368,Male,18-21,Premium
U-5369,Female,22-25,Free
U-5370,Female,26-30,Free
U-5371,Male,18-21,Free
U-5372,Male,18-21,Free
U-5373,Female,22-25,Premium
U-5374,Female,18-21,Free
U-5375,Female,30+,Free
U-5376,Male,18-21,Free
U-5377,Female,26-30,Premium
U-5378,Female,22-25,Free
U-5379,Male,22-25,Free
U-5380,Female,22-25,Free
U-5381,Female,18-21,Free
U-5382,Male,18-21,Premium
U-5383,Female,22-25,Premium
U-5384,Male,18-21,Free
U-5385,Female,22-25,Free
U-5386,Female,18-21,Premium
U-5387,Female,18-21,Free
U-5388,Male,18-21,Free
U-5389,Male,22-25,Free
U-5390,Male,30+,Free
U-5391,Female,18-21,Free
U-5392,Female,18-21,Free
U-5393,Female,22-25,Free
U-5394,Male,22-25,Premium
U-5395,Male,22-25,Free
U-5396,Male,22-25,Premium
U-5397,Female,22-25,Free
U-5398,Male,22-25,Premium
U-5399,Female,18-21,Free
U-5400,Male,26-30,Free
U-5401,Female,22-25,Free
U-5402,Male,22-25,Premium
U-5403,Male,18-21,Free
U-5404,Female,18-21,Free
U-5405,Female,30+,Free
U-5406,Female,22-25,Premium
U-5407,Female,18-21,Premium
U-5408,Female,22-25,Premium
U-5409,Female,22-25,Free
U-5410,Female,18-21,Free
U-5411,Male,18-21,Free
U-5412,Female,18-21,Free
U-5413,Male,18-21,Free
U-5414,Male,18-21,Premium
U-5415,Male,18-21,Influencer
U-5416,Female,18-21,Free
U-5417,Female,18-21,Premium
U-5418,Female,22-25,Free
U-5419,Female,26-30,Free
U-5420,Female,18-21,Premium
U-5421,Male,18-21,Free
U-5422,Male,18-21,Premium
U-5423,Male,22-25,Free
U-5424,Male,26-30,Free
U-5425,Female,18-21,Free
U-5426,Male,18-21,Free
U-5427,Female,18-21,Free
U-5428,Female,22-25,Free
U-5429,Male,18-21,Influencer
U-5430,Female,26-30,Free
U-5431,Female,22-25,Premium
U-5432,Male,30+,Free
U-5433,Female,22-25,Free
U-5434,Male,18-21,Free
U-5435,Female,22-25,Free
U-5436,Male,26-30,Free
U-5437,Male,18-21,Free
U-5438,Female,18-21,Free
U-5439,Female,22-25,Free
U-5440,Female,22-25,Premium
U-5441,Male,18-21,Premium
U-5442,Female,18-21,Free
U-5443,Female,30+,Premium
U-5444,Non-Binary,26-30,Premium
U-5445,Female,18-21,Premium
U-5446,Female,22-25,Free
U-5447,Female,18-21,Free
U-5448,Male,30+,Free
U-5449,Male,18-21,Free
U-5450,Female,18-21,Free
U-5451,Female,22-25,Free
U-5452,Male,18-21,Free
U-5453,Female,18-21,Free
U-5454,Male,22-25,Free
U-5455,Female,18-21,Premium
U-5456,Female,18-21,Premium
U-5457,Female,22-25,Free
U-5458,Male,26-30,Free
U-5459,Female,22-25,Free
U-5460,Female,30+,Free
U-5461,Male,26-30,Free
U-5462,Male,22-25,Influencer
U-5463,Male,18-21,Free
U-5464,Female,22-25,Premium
U-5465,Male,22-25,Premium
U-5466,Female,18-21,Free
U-5467,Male,22-25,Free
U-5468,Male,18-21,Premium
U-5469,Male,22-25,Free
U-5470,Female,18-21,Free
U-5471,Female,22-25,Premium
U-5472,Female,18-21,Free
U-5473,Male,18-21,Influencer
U-5474,Male,18-21,Free
U-5475,Female,22-25,Free
U-5476,Male,18-21,Free
U-5477,Female,18-21,Free
U-5478,Female,22-25,Premium
U-5479,Male,22-25,Free
U-5480,Female,22-25,Premium
U-5481,Female,18-21,Free
U-5482,Female,18-21,Free
U-5483,Female,18-21,Free
U-5484,Male,18-21,Premium
U-5485,Female,18-21,Premium
U-5486,Female,18-21,Premium
U-5487,Female,18-21,Free
U-5488,Female,18-21,Premium
U-5489,Female,18-21,Free
U-5490,Male,18-21,Free
U-5491,Female,18-21,Free
U-5492,Female,22-25,Influencer
U-5493,Male,18-21,Premium
U-5494,Female,18-21,Free
U-5495,Female,18-21,Premium
U-5496,Female,22-25,Free
U-5497,Female,22-25,Free
U-5498,Male,22-25,Premium
U-5499,Female,18-21,Free
U-5500,Female,30+,Free
U-5501,Female,18-21,Free
U-5502,Female,22-25,Free
U-5503,Male,18-21,Premium
U-5504,Female,18-21,Free
U-5505,Male,26-30,Free
U-5506,Female,18-21,Premium
U-5507,Male,22-25,Free
U-5508,Male,18-21,Free
U-5509,Female,22-25,Premium
U-5510,Male,18-21,Free
U-5511,Non-Binary,22-25,Free
U-5512,Female,22-25,Premium
U-5513,Female,18-21,Free
U-5514,Female,26-30,Free
U-5515,Female,22-25,Free
U-5516,Male,18-21,Premium
U-5517,Female,18-21,Free
U-5518,Female,26-30,Premium
U-5519,Female,18-21,Free
U-5520,Female,18-21,Free
U-5521,Female,22-25,Free
U-5522,Male,26-30,Free
U-5523,Male,22-25,Premium
U-5524,Male,22-25,Premium
U-5525,Male,18-21,Free
U-5526,Female,18-21,Free
U-5527,Female,22-25,Premium
U-5528,Male,18-21,Free
U-5529,Non-Binary,18-21,Premium
U-5530,Female,26-30,Influencer
U-5531,Non-Binary,18-21,Free
U-5532,Female,22-25,Free
U-5533,Female,22-25,Free
U-5534,Female,18-21,Influencer
U-5535,Female,22-25,Free
U-5536,Male,18-21,Free
U-5537,Female,22-25,Premium
U-5538,Male,22-25,Premium
U-5539,Female,18-21,Free
U-5540,Male,22-25,Premium
U-5541,Female,18-21,Free
U-5542,Female,18-21,Free
U-5543,Female,18-21,Influencer
U-5544,Female,22-25,Free
U-5545,Male,22-25,Free
U-5546,Male,18-21,Premium
U-5547,Male,26-30,Free
U-5548,Male,26-30,Premium
U-5549,Female,18-21,Free
U-5550,Male,18-21,Influencer
U-5551,Male,18-21,Free
U-5552,Male,22-25,Premium
U-5553,Male,18-21,Free
U-5554,Male,30+,Free
U-5555,Male,18-21,Premium
U-5556,Male,30+,Free
U-5557,Male,18-21,Premium
U-5558,Male,18-21,Premium
U-5559,Non-Binary,18-21,Free
U-5560,Male,22-25,Free
U-5561,Female,22-25,Premium
U-5562,Male,22-25,Premium
U-5563,Male,18-21,Free
U-5564,Male,22-25,Free
U-5565,Female,18-21,Free
U-5566,Male,22-25,Free
U-5567,Female,18-21,Free
U-5568,Female,22-25,Free
U-5569,Male,22-25,Free
U-5570,Male,18-21,Free
U-5571,Male,18-21,Free
U-5572,Female,18-21,Premium
U-5573,Male,22-25,Free
U-5574,Male,18-21,Free
U-5575,Male,22-25,Free
U-5576,Female,18-21,Free
U-5577,Female,22-25,Free
U-5578,Female,26-30,Premium
U-5579,Female,18-21,Free
U-5580,Non-Binary,18-21,Free
U-5581,Female,22-25,Free
U-5582,Male,22-25,Premium
U-5583,Female,22-25,Free
U-5584,Female,22-25,Free
U-5585,Male,26-30,Free
U-5586,Female,18-21,Free
U-5587,Female,18-21,Free
U-5588,Male,18-21,Free
U-5589,Female,22-25,Free
U-5590,Female,22-25,Premium
U-5591,Female,26-30,Free
U-5592,Male,22-25,Premium
U-5593,Female,26-30,Premium
U-5594,Male,22-25,Free
U-5595,Male,22-25,Free
U-5596,Male,22-25,Free
U-5597,Female,18-21,Free
U-5598,Male,22-25,Free
U-5599,Female,18-21,Free
U-5600,Female,30+,Free
U-5601,Female,26-30,Free
U-5602,Female,22-25,Free
U-5603,Female,18-21,Free
U-5604,Male,18-21,Premium
U-5605,Female,18-21,Free
U-5606,Male,18-21,Premium
U-5607,Female,18-21,Premium
U-5608,Female,22-25,Free
U-5609,Female,18-21,Free
U-5610,Female,22-25,Free
U-5611,Female,22-25,Premium
U-5612,Female,18-21,Free
U-5613,Female,22-25,Free
U-5614,Female,22-25,Premium
U-5615,Male,18-21,Free
U-5616,Female,18-21,Free
U-5617,Female,30+,Free
U-5618,Male,18-21,Premium
U-5619,Female,30+,Free
U-5620,Male,18-21,Premium
U-5621,Female,22-25,Premium
U-5622,Male,18-21,Free
U-5623,Male,22-25,Free
U-5624,Female,22-25,Free
U-5625,Male,18-21,Free
U-5626,Female,18-21,Free
U-5627,Non-Binary,22-25,Free
U-5628,Female,22-25,Free
U-5629,Female,22-25,Free
U-5630,Female,22-25,Free
U-5631,Female,22-25,Free
U-5632,Male,30+,Premium
U-5633,Female,26-30,Premium
U-5634,Male,18-21,Premium
U-5635,Female,18-21,Premium
U-5636,Female,18-21,Free
U-5637,Male,22-25,Free
U-5638,Male,22-25,Free
U-5639,Male,22-25,Premium
U-5640,Female,22-25,Free
U-5641,Female,18-21,Premium
U-5642,Female,22-25,Free
U-5643,Male,22-25,Free
U-5644,Male,18-21,Premium
U-5645,Female,26-30,Free
U-5646,Male,18-21,Influencer
U-5647,Male,22-25,Free
U-5648,Male,26-30,Free
U-5649,Female,22-25,Free
U-5650,Male,18-21,Premium
U-5651,Female,18-21,Free
U-5652,Female,18-21,Free
U-5653,Female,22-25,Free
U-5654,Male,18-21,Premium
U-5655,Male,18-21,Premium
U-5656,Non-Binary,18-21,Free
U-5657,Female,18-21,Free
U-5658,Male,22-25,Free
U-5659,Male,22-25,Free
U-5660,Male,22-25,Free
U-5661,Male,18-21,Free
U-5662,Female,18-21,Premium
U-5663,Male,18-21,Free
U-5664,Male,18-21,Free
U-5665,Male,18-21,Free
U-5666,Male,18-21,Free
U-5667,Female,18-21,Free
U-5668,Female,22-25,Premium
U-5669,Female,18-21,Free
U-5670,Female,22-25,Premium
U-5671,Male,22-25,Free
U-5672,Male,22-25,Free
U-5673,Male,18-21,Free
U-5674,Female,18-21,Free
U-5675,Non-Binary,18-21,Free
U-5676,Male,22-25,Free
U-5677,Male,18-21,Premium
U-5678,Female,22-25,Free
U-5679,Female,18-21,Premium
U-5680,Female,18-21,Free
U-5681,Female,18-21,Influencer
U-5682,Female,18-21,Free
U-5683,Male,22-25,Free
U-5684,Male,22-25,Premium
U-5685,Male,30+,Premium
U-5686,Male,30+,Premium
U-5687,Female,22-25,Free
U-5688,Female,18-21,Free
U-5689,Female,18-21,Free
U-5690,Female,26-30,Free
U-5691,Male,18-21,Free
U-5692,Female,18-21,Premium
U-5693,Non-Binary,18-21,Free
U-5694,Male,18-21,Free
U-5695,Female,18-21,Premium
U-5696,Male,18-21,Premium
U-5697,Male,30+,Premium
U-5698,Female,22-25,Premium
U-5699,Male,22-25,Free
U-5700,Non-Binary,18-21,Premium
U-5701,Non-Binary,18-21,Free
U-5702,Male,30+,Free
U-5703,Male,18-21,Premium
U-5704,Non-Binary,18-21,Free
U-5705,Non-Binary,22-25,Free
U-5706,Female,22-25,Free
U-5707,Female,22-25,Free
U-5708,Non-Binary,18-21,Premium
U-5709,Male,22-25,Premium
U-5710,Female,22-25,Premium
U-5711,Female,18-21,Free
U-5712,Male,18-21,Free
U-5713,Female,26-30,Free
U-5714,Male,18-21,Free
U-5715,Male,22-25,Free
U-5716,Female,22-25,Free
U-5717,Female,18-21,Free
U-5718,Male,26-30,Free
U-5719,Male,22-25,Free
U-5720,Male,18-21,Free
U-5721,Female,22-25,Free
U-5722,Male,26-30,Free
U-5723,Female,18-21,Premium
U-5724,Female,18-21,Premium
U-5725,Male,22-25,Free
U-5726,Female,22-25,Free
U-5727,Male,18-21,Premium
U-5728,Male,22-25,Free
U-5729,Female,18-21,Free
U-5730,Male,18-21,Free
U-5731,Female,22-25,Free
U-5732,Female,26-30,Free
U-5733,Female,22-25,Premium
U-5734,Female,18-21,Free
U-5735,Male,22-25,Premium
U-5736,Female,18-21,Free
U-5737,Female,18-21,Free
U-5738,Female,18-21,Influencer
U-5739,Female,18-21,Free
U-5740,Male,18-21,Free
U-5741,Male,18-21,Free
U-5742,Male,26-30,Free
U-5743,Female,18-21,Premium
U-5744,Female,22-25,Free
U-5745,Non-Binary,26-30,Premium
U-5746,Female,18-21,Premium
U-5747,Female,30+,Free
U-5748,Male,22-25,Free
U-5749,Female,22-25,Free
U-5750,Female,26-30,Free
U-5751,Female,26-30,Premium
U-5752,Male,18-21,Premium
U-5753,Male,26-30,Free
U-5754,Female,22-25,Free
U-5755,Non-Binary,26-30,Premium
U-5756,Male,30+,Free
U-5757,Male,18-21,Free
U-5758,Male,22-25,Free
U-5759,Female,18-21,Free
U-5760,Female,18-21,Premium
U-5761,Female,26-30,Free
U-5762,Male,22-25,Premium
U-5763,Female,18-21,Free
U-5764,Male,22-25,Free
U-5765,Male,18-21,Free
U-5766,Female,18-21,Free
U-5767,Female,22-25,Free
U-5768,Female,18-21,Premium
U-5769,Male,18-21,Free
U-5770,Female,22-25,Free
U-5771,Female,18-21,Free
U-5772,Female,22-25,Free
U-5773,Male,18-21,Free
U-5774,Male,26-30,Free
U-5775,Female,22-25,Influencer
U-5776,Male,22-25,Free
U-5777,Female,18-21,Free
U-5778,Female,30+,Free
U-5779,Female,30+,Free
U-5780,Male,22-25,Free
U-5781,Male,22-25,Free
U-5782,Female,18-21,Premium
U-5783,Male,18-21,Premium
U-5784,Male,18-21,Influencer
U-5785,Male,18-21,Free
U-5786,Male,26-30,Free
U-5787,Female,22-25,Free
U-5788,Male,18-21,Free
U-5789,Non-Binary,22-25,Premium
U-5790,Female,22-25,Free
U-5791,Female,22-25,Free
U-5792,Female,22-25,Free
U-5793,Female,18-21,Premium
U-5794,Male,22-25,Premium
U-5795,Female,18-21,Premium
U-5796,Male,22-25,Free
U-5797,Male,18-21,Influencer
U-5798,Female,22-25,Free
U-5799,Male,18-21,Free
U-5800,Male,22-25,Premium
U-5801,Female,18-21,Free
U-5802,Male,18-21,Free
U-5803,Female,22-25,Free
U-5804,Male,30+,Free
U-5805,Female,22-25,Free
U-5806,Male,22-25,Free
U-5807,Female,22-25,Free
U-5808,Female,22-25,Premium
U-5809,Male,18-21,Free
U-5810,Male,18-21,Free
U-5811,Female,26-30,Premium
U-5812,Female,22-25,Free
U-5813,Female,22-25,Premium
U-5814,Female,22-25,Free
U-5815,Female,22-25,Free
U-5816,Female,18-21,Free
U-5817,Female,18-21,Free
U-5818,Male,18-21,Premium
U-5819,Male,22-25,Free
U-5820,Male,18-21,Influencer
U-5821,Male,22-25,Premium
U-5822,Female,26-30,Free
U-5823,Female,22-25,Free
U-5824,Male,18-21,Free
U-5825,Male,18-21,Free
U-5826,Male,30+,Influencer
U-5827,Female,18-21,Premium
U-5828,Male,18-21,Free
U-5829,Female,22-25,Free
U-5830,Male,26-30,Premium
U-5831,Female,18-21,Premium
U-5832,Female,22-25,Free
U-5833,Female,18-21,Free
U-5834,Male,18-21,Free
U-5835,Female,22-25,Premium
U-5836,Female,22-25,Free
U-5837,Female,18-21,Premium
U-5838,Female,22-25,Free
U-5839,Male,26-30,Free
U-5840,Male,18-21,Free
U-5841,Female,22-25,Influencer
U-5842,Female,18-21,Free
U-5843,Female,22-25,Premium
U-5844,Female,26-30,Free
U-5845,Female,22-25,Free
U-5846,Male,26-30,Free
U-5847,Female,18-21,Free
U-5848,Male,18-21,Free
U-5849,Female,22-25,Premium
U-5850,Female,26-30,Free
U-5851,Female,22-25,Free
U-5852,Female,18-21,Free
U-5853,Non-Binary,22-25,Free
U-5854,Female,18-21,Free
U-5855,Female,18-21,Influencer
U-5856,Male,22-25,Premium
U-5857,Female,22-25,Free
U-5858,Male,22-25,Free
U-5859,Male,18-21,Free
U-5860,Male,22-25,Free
U-5861,Female,18-21,Free
U-5862,Male,22-25,Free
U-5863,Male,26-30,Free
U-5864,Female,18-21,Premium
U-5865,Male,18-21,Free
U-5866,Female,22-25,Premium
U-5867,Non-Binary,22-25,Free
U-5868,Female,18-21,Premium
U-5869,Male,18-21,Free
U-5870,Male,22-25,Free
U-5871,Female,18-21,Premium
U-5872,Female,22-25,Premium
U-5873,Female,22-25,Premium
U-5874,Female,18-21,Influencer
U-5875,Male,26-30,Free
U-5876,Female,18-21,Free
U-5877,Male,18-21,Free
U-5878,Female,30+,Free
U-5879,Male,22-25,Free
U-5880,Non-Binary,26-30,Free
U-5881,Female,18-21,Premium
U-5882,Male,22-25,Free
U-5883,Female,18-21,Free
U-5884,Non-Binary,22-25,Free
U-5885,Female,22-25,Free
U-5886,Male,18-21,Free
U-5887,Female,22-25,Free
U-5888,Female,26-30,Free
U-5889,Male,18-21,Free
U-5890,Male,18-21,Premium
U-5891,Female,30+,Premium
U-5892,Female,22-25,Premium
U-5893,Female,22-25,Free
U-5894,Male,30+,Free
U-5895,Female,18-21,Free
U-5896,Female,22-25,Influencer
U-5897,Female,22-25,Free
U-5898,Male,26-30,Free
U-5899,Female,18-21,Free
U-5900,Female,22-25,Free
U-5901,Female,18-21,Premium
U-5902,Male,22-25,Premium
U-5903,Female,18-21,Premium
U-5904,Female,26-30,Free
U-5905,Female,22-25,Premium
U-5906,Female,18-21,Free
U-5907,Female,18-21,Premium
U-5908,Male,18-21,Free
U-5909,Female,18-21,Free
U-5910,Male,22-25,Free
U-5911,Female,18-21,Free
U-5912,Female,22-25,Free
U-5913,Female,22-25,Free
U-5914,Female,18-21,Free
U-5915,Female,30+,Free
U-5916,Male,18-21,Premium
U-5917,Female,18-21,Free
U-5918,Female,18-21,Free
U-5919,Male,18-21,Influencer
U-5920,Female,18-21,Free
U-5921,Female,18-21,Free
U-5922,Female,22-25,Free
U-5923,Female,18-21,Free
U-5924,Female,30+,Free
U-5925,Female,22-25,Free
U-5926,Male,26-30,Premium
U-5927,Female,26-30,Free
U-5928,Male,22-25,Free
U-5929,Male,22-25,Free
U-5930,Female,22-25,Free
U-5931,Female,18-21,Free
U-5932,Female,18-21,Free
U-5933,Female,18-21,Free
U-5934,Female,18-21,Free
U-5935,Female,18-21,Free
U-5936,Female,22-25,Free
U-5937,Male,22-25,Free
U-5938,Male,26-30,Influencer
U-5939,Male,26-30,Free
U-5940,Female,22-25,Premium
U-5941,Female,18-21,Premium
U-5942,Female,18-21,Premium
U-5943,Male,30+,Premium
U-5944,Male,26-30,Free
U-5945,Male,18-21,Premium
U-5946,Male,18-21,Free
U-5947,Female,18-21,Free
U-5948,Female,18-21,Influencer
U-5949,Male,18-21,Free
U-5950,Male,18-21,Free
U-5951,Male,18-21,Premium
U-5952,Non-Binary,18-21,Premium
U-5953,Male,22-25,Free
U-5954,Male,22-25,Premium
U-5955,Male,18-21,Free
U-5956,Male,18-21,Free
U-5957,Female,18-21,Free
U-5958,Female,26-30,Premium
U-5959,Female,18-21,Free
U-5960,Male,22-25,Premium
U-5961,Male,18-21,Premium
U-5962,Female,22-25,Premium
U-5963,Female,18-21,Free
U-5964,Female,18-21,Free
U-5965,Male,22-25,Premium
U-5966,Female,18-21,Free
U-5967,Male,18-21,Free
U-5968,Female,18-21,Premium
U-5969,Male,18-21,Free
U-5970,Female,22-25,Free
U-5971,Male,18-21,Free
U-5972,Female,18-21,Premium
U-5973,Non-Binary,18-21,Free
U-5974,Female,18-21,Free
U-5975,Female,22-25,Free
U-5976,Female,18-21,Free
U-5977,Male,22-25,Free
U-5978,Male,18-21,Free
U-5979,Male,18-21,Free
U-5980,Male,22-25,Premium
U-5981,Female,22-25,Premium
U-5982,Female,22-25,Free
U-5983,Female,18-21,Free
U-5984,Male,18-21,Premium
U-5985,Female,22-25,Premium
U-5986,Female,18-21,Premium
U-5987,Male,18-21,Free
U-5988,Female,18-21,Premium
U-5989,Male,26-30,Premium
U-5990,Female,26-30,Free
U-5991,Female,22-25,Free
U-5992,Female,22-25,Free
U-5993,Male,22-25,Free
U-5994,Female,18-21,Free
U-5995,Male,22-25,Free
U-5996,Male,18-21,Free
U-5997,Male,22-25,Free
U-5998,Female,18-21,Free
U-5999,Male,18-21,Premium
